ID,customer_ID,title,urgency_code,status_code,summary,summarizedAt,createdAt,createdBy,modifiedAt,modifiedBy
14953689-367f-4896-aa84-1cbf738a9aa4,Customers-96100,Inverter shows fault code E032,H,R,"Inverter displaying fault code E032 (grid overvoltage) due to firmware 3.5.1 sensitivity bug. OTA firmware update interrupted by network instability, leaving inverter in recovery mode. Remote rescue firmware push performed; unit rebooted and now running 3.5.2. Fault code cleared, no recurrence.",2026-10-01T10:00:00Z,2026-09-28T07:15:00Z,daniel.watts@demo.com,2026-10-07T14:00:00Z,support.agent1
14953690-1a18-4e8c-b9dd-f86bd9d9c1a4,Customers-96101,Battery storage not charging after storm,H,A,"Home battery system stopped accepting charge following a thunderstorm. Customer suspects lightning surge. BMS logs show overcurrent protection triggered.",2026-10-02T08:30:00Z,2026-10-01T14:20:00Z,stormy.weathers@demo.com,2026-10-02T08:30:00Z,support.agent2
14953691-2120-4741-8a62-b4bd10dcdb3b,Customers-96102,Solar panels output dropped by 40%,H,N,,,2026-10-02T09:00:00Z,sunny.sunshine@demo.com,2026-10-02T09:00:00Z,sunny.sunshine@demo.com
14953692-0013-45c6-8922-83b01ac84912,Customers-96103,Monitoring app not syncing data,L,R,"Customer's monitoring portal stopped refreshing data for 3 days. Root cause was expired OAuth token on the gateway. Token renewed remotely; data sync confirmed restored.",2026-09-20T16:00:00Z,2026-09-18T10:45:00Z,maria.kowalski@demo.com,2026-09-20T16:00:00Z,support.agent1
14953693-df89-4428-a078-13d16766cc72,Customers-96104,Microinverter on panel 7 offline,M,C,"Single microinverter reporting no communication for 2 weeks. On-site visit confirmed hardware failure. Unit replaced under warranty.",2026-09-15T11:00:00Z,2026-09-03T08:00:00Z,luca.ferretti@demo.com,2026-09-15T11:00:00Z,support.agent3
14953694-a434-45dc-a429-6a43ec33bb3e,Customers-96105,Grid export blocked by utility,H,H,"Customer unable to export excess solar to grid. Utility imposed temporary export limit due to local grid constraints. Awaiting utility approval to restore full export rights.",2026-10-03T09:00:00Z,2026-10-02T15:30:00Z,sophie.dupont@demo.com,2026-10-03T09:00:00Z,support.agent2
14953695-9bca-48d5-9511-22734cd8f331,Customers-96106,Inverter fan making grinding noise,M,I,"Customer reports continuous grinding noise from inverter fan. Unit still producing power normally. Fan replacement part ordered, scheduled for installation next week.",2026-10-01T13:00:00Z,2026-09-30T11:00:00Z,hans.mueller@demo.com,2026-10-01T13:00:00Z,support.agent1
14953696-5956-4920-af4a-6891a6dedf0e,Customers-96107,EV charger integration not working,M,A,"Smart EV charger not responding to solar surplus signals from inverter. Protocol mismatch between OCPP 1.6 charger and inverter's HEMS interface.",2026-10-03T10:00:00Z,2026-10-02T08:45:00Z,priya.sharma@demo.com,2026-10-03T10:00:00Z,support.agent3
14953697-1451-4f38-9db5-aed71b1b7b87,Customers-96108,Production report shows zero output overnight,L,C,"Customer alarmed by zero kWh production between 22:00 and 06:00. Explained normal behavior as panels only produce during daylight. Case closed after education.",2026-08-10T14:00:00Z,2026-08-09T21:30:00Z,carlos.rodriguez@demo.com,2026-08-10T14:00:00Z,support.agent1
14953698-de88-47ac-be58-1a9f01a75986,Customers-96109,Thermal hotspot detected on roof panel,H,I,"IR scan during routine inspection revealed hotspot on panel row 3, string 2. Possible cell degradation or internal delamination. Replacement panel on order.",2026-10-02T11:00:00Z,2026-09-29T09:15:00Z,emma.johnson@demo.com,2026-10-02T11:00:00Z,support.agent2
14953699-31c9-4195-8b2e-caf576530f0e,Customers-96110,Firmware update failed mid-process,H,R,"Over-the-air firmware update interrupted by network dropout, leaving inverter in recovery mode. Remote recovery procedure executed successfully; firmware 3.7.2 now running.",2026-09-25T17:00:00Z,2026-09-24T14:00:00Z,kenji.tanaka@demo.com,2026-09-25T17:00:00Z,support.agent3
14953700-fde6-4d2c-912f-7302f4b9601b,Customers-96111,Incorrect energy billing from utility,M,H,"Customer disputes utility bill showing higher import than monitoring portal logs. Awaiting meter data from utility to reconcile with inverter production data. On hold pending utility response.",2026-10-03T09:30:00Z,2026-10-01T10:00:00Z,fatima.alhassan@demo.com,2026-10-03T09:30:00Z,support.agent1
14953701-0fab-482f-9f0f-f11ce10cb102,Customers-96112,Battery not switching to backup mode during outage,H,N,,,2026-10-03T08:00:00Z,thomas.bergmann@demo.com,2026-10-03T08:00:00Z,thomas.bergmann@demo.com
14953702-e680-40ca-9867-e729662b1031,Customers-96113,Monitoring shows negative consumption values,M,A,"Dashboard displaying -2.3 kW consumption at night. Likely CT clamp installed inverted on main supply feed. Technician assigned to verify and correct CT orientation.",2026-10-02T14:00:00Z,2026-10-01T16:45:00Z,amara.osei@demo.com,2026-10-02T14:00:00Z,support.agent2
14953703-3c8a-4dfc-a1e3-58d60dc23215,Customers-96114,Panels covered in bird droppings reducing output,L,R,"Customer reports 15% production drop over 3 months. Remote diagnostic confirmed soiling loss. Customer instructed on safe panel cleaning procedure. Output restored after cleaning.",2026-09-12T10:00:00Z,2026-09-10T13:00:00Z,isabella.costa@demo.com,2026-09-12T10:00:00Z,support.agent3
14953704-d50e-4666-9e76-18a9d3cb1d2d,Customers-96100,Smart meter communication error,M,I,"Home energy manager losing connection to smart meter every 48–72 hours. Suspected interference from new WiFi 6 router. Workaround applied by switching meter to Zigbee channel 26.",2026-10-01T15:00:00Z,2026-09-28T12:00:00Z,daniel.watts@demo.com,2026-10-01T15:00:00Z,support.agent1
14953705-f972-4727-a2cb-3ee41035eab0,Customers-96101,Inverter not reconnecting after grid outage,H,C,"Unit remained in safe-state isolation 4 hours after grid was restored. Firmware update 3.8.0 had reset the reconnect delay to factory default (300 s). Setting corrected remotely via service portal; inverter reconnected and resumed normal operation.",2026-08-22T09:00:00Z,2026-08-21T18:00:00Z,stormy.weathers@demo.com,2026-08-22T09:00:00Z,support.agent2
14953706-3174-494a-8541-9f856e119a02,Customers-96102,Annual yield well below projection,M,H,"Customer expected 6,200 kWh/year but system produced only 4,800 kWh. Analysis ongoing: shading report and irradiation data comparison pending. On hold for third-party assessment.",2026-10-03T11:00:00Z,2026-10-01T09:00:00Z,sunny.sunshine@demo.com,2026-10-03T11:00:00Z,support.agent3
14953707-df20-403c-81ca-54c31cc3db20,Customers-96103,Moisture ingress in junction box,H,I,"Installer reported water marks inside combiner box during maintenance visit. Sealant failure suspected. Replacement junction box being procured; temporary waterproofing applied.",2026-10-02T13:00:00Z,2026-09-30T10:30:00Z,maria.kowalski@demo.com,2026-10-02T13:00:00Z,support.agent1
14953708-00f0-4aac-9d30-f5ca6fd1e7e6,Customers-96104,Remote shutdown command not acknowledged,H,N,,,2026-10-03T07:30:00Z,luca.ferretti@demo.com,2026-10-03T07:30:00Z,luca.ferretti@demo.com
14953709-2d94-43f0-af15-3014bece82a5,Customers-96105,Installer app cannot commission new inverter,M,A,"Setup wizard fails at step 4 (grid profile selection) when trying to commission replacement unit. France grid profile appears missing from firmware 3.6.1. Escalated to engineering.",2026-10-02T10:00:00Z,2026-10-01T11:15:00Z,sophie.dupont@demo.com,2026-10-02T10:00:00Z,support.agent2
14953710-b9d3-4b37-8f42-26da5fb77796,Customers-96106,String 2 producing 30% less than string 1,M,R,"Performance ratio disparity between east and west roof strings investigated. West string has new 15-year-old tree shadow not present at system design. Shading analysis updated.",2026-09-08T16:00:00Z,2026-09-05T08:00:00Z,hans.mueller@demo.com,2026-09-08T16:00:00Z,support.agent3
14953711-30c1-42fa-9fce-d3e22b9d00da,Customers-96107,System not entering self-consumption mode,M,C,"Battery continuously exporting to grid instead of covering household load. Firmware update 3.8.0 had silently reset the self-consumption mode setting to factory default (off). Setting corrected remotely via service portal; self-consumption mode confirmed active.",2026-09-30T12:00:00Z,2026-09-28T09:00:00Z,priya.sharma@demo.com,2026-09-30T12:00:00Z,support.agent1
14953712-f453-4271-97e2-7315745701dc,Customers-96108,Corrosion visible on MC4 connectors,H,I,"Field technician found oxidation on 6 MC4 connectors during inspection. Open-circuit risk identified. Connector replacement in progress; system partially offline during repair.",2026-10-01T09:00:00Z,2026-09-30T14:00:00Z,carlos.rodriguez@demo.com,2026-10-01T09:00:00Z,support.agent2
14953713-f5b5-460e-801b-ab604284c2d5,Customers-96109,Battery depth of discharge alarm,M,A,"System repeatedly triggering low-state-of-charge alarm at 10% SoC even during daytime. Capacity degradation suspected. Scheduled battery health test via remote diagnostics.",2026-10-03T08:30:00Z,2026-10-02T17:00:00Z,emma.johnson@demo.com,2026-10-03T08:30:00Z,support.agent3
14953714-3ce4-4c4c-9191-b11c35fee132,Customers-96110,Heatpump integration causing inverter overload,H,H,"Heat pump peak draw (4.2 kW) combined with other loads exceeding inverter's 5 kW limit. Load management rules need tuning. Awaiting smart home integrator response.",2026-10-03T10:30:00Z,2026-10-02T12:00:00Z,kenji.tanaka@demo.com,2026-10-03T10:30:00Z,support.agent1
14953715-d29d-41ee-a46b-5fcf4390e879,Customers-96111,Panels not producing during overcast sky,L,C,"Customer expected output on cloudy day but saw only 5–8% of peak capacity. Normal diffuse irradiation behavior explained. No fault found.",2026-07-15T11:00:00Z,2026-07-14T10:00:00Z,fatima.alhassan@demo.com,2026-07-15T11:00:00Z,support.agent2
14953716-3762-4c1a-aa09-2af6619bd816,Customers-96112,Inverter overheating in summer,M,R,"Inverter entering thermal derating above 45°C ambient. Ventilation clearance found to be 5 cm instead of required 10 cm. Customer repositioned unit; overheating resolved.",2026-10-01T14:00:00Z,2026-09-29T16:00:00Z,thomas.bergmann@demo.com,2026-10-01T14:00:00Z,support.agent3
14953717-c978-4b18-a290-6267bceb1853,Customers-96113,Commissioning certificate not received,L,N,,,2026-10-03T09:00:00Z,amara.osei@demo.com,2026-10-03T09:00:00Z,amara.osei@demo.com
14953718-42f0-4e91-9289-ad333885ae03,Customers-96114,Export meter showing incorrect tariff,M,A,"Feed-in-tariff meter recording exports at wrong rate code. Utility configuration mismatch. Case raised with billing team; metering config correction pending.",2026-10-02T16:00:00Z,2026-10-01T13:30:00Z,isabella.costa@demo.com,2026-10-02T16:00:00Z,support.agent1
14953719-9045-4ddd-9e95-6efe3ebb81c6,Customers-96100,Rapid shutdown device not triggering,H,I,"Emergency responder reported RSD system non-responsive during fire drill. Firmware incompatibility between module-level RSD and new inverter version. Patch in development.",2026-10-02T08:00:00Z,2026-10-01T06:00:00Z,daniel.watts@demo.com,2026-10-02T08:00:00Z,support.agent2
14953720-a046-47ca-aa9c-6dff7f85fe20,Customers-96101,System not visible in fleet management portal,L,R,"Newly installed system not appearing in operator's fleet dashboard. Gateway serial number registered to wrong partner account. Account mapping corrected.",2026-09-18T13:00:00Z,2026-09-17T11:00:00Z,stormy.weathers@demo.com,2026-09-18T13:00:00Z,support.agent3
14953721-a9ca-43d7-88de-9fc00fed7974,Customers-96102,Surge protection device indicator red,H,N,,,2026-10-03T10:00:00Z,sunny.sunshine@demo.com,2026-10-03T10:00:00Z,sunny.sunshine@demo.com
14953722-bab4-487b-a6a1-f16f2a725451,Customers-96103,Daily production graph missing data gaps,L,C,"Monitoring portal showing gaps in hourly graph. Confirmed gateway went offline briefly due to ISP maintenance windows. Data gaps are cosmetic only; production counters are accurate.",2026-08-28T15:00:00Z,2026-08-27T10:00:00Z,maria.kowalski@demo.com,2026-08-28T15:00:00Z,support.agent1
14953723-c8be-42a5-a62a-29b0ba0678a4,Customers-96104,AC isolator switch tripping randomly,H,R,"AC disconnect tripping every few days without fault code. Extended trip logging confirmed the internal arc-detection relay contact was arcing under load, causing spurious trips. Relay contact found worn on inspection. Replacement relay installed and tested; no further nuisance trips observed.",2026-10-07T11:00:00Z,2026-09-29T08:00:00Z,luca.ferretti@demo.com,2026-10-07T11:00:00Z,support.agent2
14953724-09b0-4f8f-ba1c-7009b3460c6b,Customers-96105,Home energy storage warranty claim,M,H,"Battery capacity measured at 68% of rated after 4 years. Warranty threshold is 70% at year 10. Customer claims premature degradation. Technical review of cycle history in progress. On hold pending engineering assessment.",2026-10-03T11:30:00Z,2026-10-02T09:00:00Z,sophie.dupont@demo.com,2026-10-03T11:30:00Z,support.agent3
14953725-c9ab-4275-a777-3b10db1d9f49,Customers-96106,Inverter error MPPT1 input overvoltage,H,R,"Fault triggered during cold morning startup when Voc briefly exceeded MPPT operating range. String recalculated for winter Voc; one panel removed from string. No recurrence.",2026-09-22T10:00:00Z,2026-09-20T06:45:00Z,hans.mueller@demo.com,2026-09-22T10:00:00Z,support.agent1
14953726-4652-4d89-9bf8-de978d37a3ba,Customers-96107,Isolation resistance fault on DC side,H,A,"Inverter reporting low insulation resistance (< 200 kΩ) on DC string 1. Ground fault suspected. Technician dispatched for ground fault locator test.",2026-10-03T07:00:00Z,2026-10-02T20:00:00Z,priya.sharma@demo.com,2026-10-03T07:00:00Z,support.agent2
14953727-d96f-4000-acb1-7f1e27f3f6ac,Customers-96108,Notification alerts not being received,L,N,,,2026-10-03T12:00:00Z,carlos.rodriguez@demo.com,2026-10-03T12:00:00Z,carlos.rodriguez@demo.com
14953728-e6ed-4214-887e-3429da61566b,Customers-96109,Power optimiser reporting lost communication,M,I,"Two power optimisers on south array showing offline in monitoring. PLC communication issue on string bus suspected. Remote diagnostics running; field visit may be required.",2026-10-02T09:00:00Z,2026-10-01T08:00:00Z,emma.johnson@demo.com,2026-10-02T09:00:00Z,support.agent3
14953729-65f4-4830-bccb-6c9a7b030ea8,Customers-96110,Inverter time clock drifting,L,C,"System time drifting up to 12 minutes per week causing incorrect time-of-use tariff optimisation. NTP server address was empty after factory reset. Reconfigured; drift resolved.",2026-09-05T14:00:00Z,2026-09-04T09:00:00Z,kenji.tanaka@demo.com,2026-09-05T14:00:00Z,support.agent1
14953730-e131-449b-8ce6-0d9cabbe5e1e,Customers-96111,Battery cannot be discharged below 20%,M,R,"Customer wants deeper discharge for backup reserve. System correctly configured to minimum 20% reserve per local grid code. Customer briefed; no change required.",2026-08-20T12:00:00Z,2026-08-19T10:00:00Z,fatima.alhassan@demo.com,2026-08-20T12:00:00Z,support.agent2
14953731-07a7-4791-93bd-370512b1c222,Customers-96112,DC cable insulation damaged by pest,H,I,"Squirrel chewed through DC cable insulation causing intermittent arc faults. Arc fault protection correctly isolated the string. Cable replacement and cable armor conduit installation scheduled.",2026-10-02T12:00:00Z,2026-10-01T15:00:00Z,thomas.bergmann@demo.com,2026-10-02T12:00:00Z,support.agent3
14953732-1351-4fc5-994a-022363c20573,Customers-96113,Panel mismatch after partial replacement,M,A,"Three replacement panels from different manufacturer batch have 5W lower Pmax causing string imbalance. MPPT efficiency reduced. Investigating panel spec compatibility.",2026-10-03T08:00:00Z,2026-10-02T10:00:00Z,amara.osei@demo.com,2026-10-03T08:00:00Z,support.agent1
14953733-8c7e-4125-bc35-9a19ca0ae8d0,Customers-96114,API access for third-party energy manager refused,M,H,"Customer's third-party energy management system cannot authenticate to monitoring API. OAuth2 client credentials revoked after policy change. Awaiting security team approval to reissue.",2026-10-03T10:00:00Z,2026-10-02T14:00:00Z,isabella.costa@demo.com,2026-10-03T10:00:00Z,support.agent2
14953734-bafb-43e8-9c53-2cb7c733ccfd,Customers-96100,Installer requesting extended data retention,L,C,"Installer requested 5-year historical data export for customer audit. Standard portal provides 12 months. Full dataset exported from data warehouse and sent securely.",2026-07-28T16:00:00Z,2026-07-26T09:00:00Z,daniel.watts@demo.com,2026-07-28T16:00:00Z,support.agent3
14953735-5664-488e-b794-72f2f54ba495,Customers-96101,Zero export relay not operating correctly,H,R,"Zero-export protection relay failing to curtail inverter output when grid import drops to zero. Relay contact found worn. Replacement relay installed and tested.",2026-09-30T11:00:00Z,2026-09-27T14:00:00Z,stormy.weathers@demo.com,2026-09-30T11:00:00Z,support.agent1
14953736-0f34-4780-9e91-03ad5b5fb4f2,Customers-96102,Shadow management algorithm disabled after update,M,R,"Panels in afternoon shade showing 20% lower output after firmware 4.0 upgrade. Firmware update 4.0 had silently reset the shade optimisation setting to factory default (off). Setting corrected remotely via service portal; DRED shade management confirmed active and output recovering.",2026-10-02T15:00:00Z,2026-10-01T12:00:00Z,sunny.sunshine@demo.com,2026-10-02T15:00:00Z,support.agent2
14953737-363c-4418-bde2-b96594cd6452,Customers-96103,Customer requests decommission support,L,N,,,2026-10-03T13:00:00Z,maria.kowalski@demo.com,2026-10-03T13:00:00Z,maria.kowalski@demo.com
14953738-27c8-485e-9739-4570f2a47a8d,Customers-96104,Ground mount tracking system not following sun,H,A,"Single-axis tracker on ground-mount array stuck at morning angle all day. Controller board fault suspected. Replacement controller dispatched; system producing at suboptimal fixed tilt in the meantime.",2026-10-03T09:00:00Z,2026-10-02T07:00:00Z,luca.ferretti@demo.com,2026-10-03T09:00:00Z,support.agent3
