up__ID,ID,timestamp,author,message
14953689-367f-4896-aa84-1cbf738a9aa4,17250231-69ab-4a7a-9e16-34fd0012c219,2026-10-05T07:15:00Z,Daniel Watts,"My inverter has been showing fault code E032 since yesterday evening. It is still running but I am worried."
14953689-367f-4896-aa84-1cbf738a9aa4,17250232-1ba4-4afa-aeaa-35f0a09a1a6d,2026-10-05T09:00:00Z,Laura Chen,"Thank you for reaching out. E032 indicates a grid overvoltage event. Can you tell me what firmware version your inverter is running? You can find this in the Settings menu."
14953689-367f-4896-aa84-1cbf738a9aa4,17250233-2ca5-4bfb-bfbb-46f1b0aa2b7e,2026-10-05T10:30:00Z,Daniel Watts,It says firmware 3.5.1 on the display.
14953689-367f-4896-aa84-1cbf738a9aa4,17250234-3da6-4c0c-c0cc-57f2c1bb3c8f,2026-10-05T11:00:00Z,Laura Chen,"Version 3.5.1 has a known sensitivity issue with grid voltage transients. I am dispatching a technician to check your grid connection point and will push the 3.5.2 patch remotely once the hardware check is complete."
14953690-1a18-4e8c-b9dd-f86bd9d9c1a4,17250235-4eb7-4d1d-d1dd-68f3d2cc4d9f,2026-10-07T14:20:00Z,Stormy Weathers,There was a big thunderstorm last night and now my battery will not charge at all. The app just shows a red exclamation mark.
14953690-1a18-4e8c-b9dd-f86bd9d9c1a4,17250236-5fc8-4e2e-e2ee-79f4e3dd5eaa,2026-10-07T16:00:00Z,Marcus Adler,"I can see from the BMS logs that the overcurrent protection fired at 23:47. This is a safety measure to protect the battery from surge damage. I need to run a remote cell balance check before re-enabling charging. Please do not attempt to reset the unit manually."
14953690-1a18-4e8c-b9dd-f86bd9d9c1a4,17250237-6fd9-4f3f-f3ff-8af5f4ee6fbb,2026-10-08T08:00:00Z,Marcus Adler,Cell balance check complete. All cells within normal tolerance. I have cleared the overcurrent flag remotely. Your battery should now start accepting charge. Please monitor for the next 2 hours and let me know the SoC reading.
14953690-1a18-4e8c-b9dd-f86bd9d9c1a4,17250238-7aef-4040-04aa-9ba605ff7fcc,2026-10-08T10:15:00Z,Stormy Weathers,Charging again! SoC is already at 34%. Thank you so much for the quick help.
14953691-2120-4741-8a62-b4bd10dcdb3b,17250239-8bff-4151-15bb-afb7160008dd,2026-10-08T09:00:00Z,Sunny Sunshine,My solar panels seem to be producing much less than usual. I used to get around 25 kWh on a sunny day like today but the app only shows 15 kWh so far.
14953692-0013-45c6-8922-83b01ac84912,17250240-9caa-4262-26cc-b0c827119fee,2026-09-15T10:45:00Z,Maria Kowalski,The monitoring dashboard has not updated since Tuesday. It is still showing data from 3 days ago.
14953692-0013-45c6-8922-83b01ac84912,17250241-adbb-4373-37dd-c1d9382200ff,2026-09-15T13:00:00Z,Laura Chen,"I can see the gateway is online but the API authentication is failing. This happens when the OAuth token expires. I am renewing it now on the backend."
14953692-0013-45c6-8922-83b01ac84912,17250242-becc-4484-48ee-d2ea493311aa,2026-09-15T13:30:00Z,Laura Chen,Token renewed. Dashboard should refresh within the next 5 minutes. The underlying data was being collected the whole time so you will see the backfilled readings shortly.
14953692-0013-45c6-8922-83b01ac84912,17250243-cfdd-4595-59ff-e3fb5a442abb,2026-09-17T16:00:00Z,Maria Kowalski,Everything is back to normal now. Thank you for sorting it out so quickly!
14953694-a434-45dc-a429-6a43ec33bb3e,17250244-d0ee-460a-60aa-f4fc6b5533bc,2026-10-07T15:30:00Z,Sophie Dupont,My inverter is running but it says export is blocked. I have a feed-in-tariff contract and this is losing me money every day.
14953694-a434-45dc-a429-6a43ec33bb3e,17250245-e1ff-471b-71bb-05fd7c644fcd,2026-10-07T17:00:00Z,Marcus Adler,"I have checked with the grid operator and there is a temporary export curtailment order for your postcode due to local grid congestion. This is outside our control unfortunately. I have escalated to the regulatory liaison team to expedite the exemption request."
14953695-9bca-48d5-9511-22734cd8f331,17250246-f200-482c-82cc-16fe8d755ade,2026-10-04T11:00:00Z,Hans Mueller,The inverter has been making a loud grinding noise for the past 2 days. It is coming from the fan area I think. The system is still producing power.
14953695-9bca-48d5-9511-22734cd8f331,17250247-0311-493d-93dd-27ff9e8666bf,2026-10-04T12:30:00Z,Laura Chen,"Grinding from the cooling fan usually means bearing wear. As long as the unit is producing normally and no temperature alarms are showing, it is safe to continue operating. I have ordered a replacement fan assembly and will schedule an engineer visit."
14953696-5956-4920-af4a-6891a6dedf0e,17250248-1422-4a4e-a4ee-38fa9f977770,2026-10-07T08:45:00Z,Priya Sharma,I set up my EV charger to use excess solar but it never actually starts charging from solar. It just waits for me to start it manually.
14953696-5956-4920-af4a-6891a6dedf0e,17250249-2533-4b5f-b5ff-490ab0a888e1,2026-10-07T10:00:00Z,Marcus Adler,"I can see the charger is using OCPP 1.6 but your inverter's smart home interface expects SunSpec Modbus. They cannot talk to each other directly. I am researching a middleware bridge solution and will update you by end of week."
14953698-de88-47ac-be58-1a9f01a75986,17250250-3644-4c6f-c600-5a1ba1b999f2,2026-10-03T09:15:00Z,Emma Johnson,"During our routine annual inspection, my installer found a hotspot on one panel. They said it could be serious. Should I be worried?"
14953698-de88-47ac-be58-1a9f01a75986,17250251-4755-4d70-d711-6b2cb2c200a3,2026-10-03T11:00:00Z,Laura Chen,"Hotspots can indicate cell degradation or delamination and should be taken seriously. I have flagged this as high urgency and raised a warranty replacement order. Until the panel is replaced, please ask your installer to isolate that string if the hotspot temperature exceeds 80°C."
14953699-31c9-4195-8b2e-caf576530f0e,17250252-5866-4e81-e822-7c3cd3311b4,2026-09-22T14:00:00Z,Kenji Tanaka,My inverter stopped working after it tried to update itself. It is just showing a blinking LED now and nothing on the display.
14953699-31c9-4195-8b2e-caf576530f0e,17250253-6977-4f92-f933-8d4de4422c5,2026-09-22T15:00:00Z,Marcus Adler,The inverter is in firmware recovery mode after an interrupted OTA update. This is recoverable. I am initiating a remote rescue firmware push now. Please keep the AC supply on and do not touch any buttons.
14953699-31c9-4195-8b2e-caf576530f0e,17250254-7a88-4003-0044-9e5ef5533d6,2026-09-22T16:30:00Z,Marcus Adler,Recovery firmware successfully installed. The inverter has rebooted and is now running 3.7.2. Production has resumed. I recommend enabling automatic update scheduling during overnight hours to avoid future interruptions.
14953699-31c9-4195-8b2e-caf576530f0e,17250255-8b99-4114-1155-af6f06644e7,2026-09-23T17:00:00Z,Kenji Tanaka,Everything is working perfectly again. Great support!
14953701-0fab-482f-9f0f-f11ce10cb102,17250256-9caa-4225-2266-b070176755f0,2026-10-08T08:00:00Z,Thomas Bergmann,We had a short power cut last night and the battery did not power the house. Everything went dark. I thought the whole point was to have backup power.
14953701-0fab-482f-9f0f-f11ce10cb102,17250257-adbb-4336-3377-c1810877660,2026-10-08T08:30:00Z,Laura Chen,"I can see from the logs that the battery backup mode was not enabled on your system. It defaults to off and must be explicitly configured. I will schedule a remote configuration call with you today to enable emergency backup and set your priority loads."
14953707-df20-403c-81ca-54c31cc3db20,17250258-becc-4447-4488-d2920988771,2026-10-05T10:30:00Z,Maria Kowalski,"My installer called me saying there is water inside the junction box. They are concerned about safety. What should we do?"
14953707-df20-403c-81ca-54c31cc3db20,17250259-cfdd-4558-5599-e3a30a99882,2026-10-05T11:00:00Z,Marcus Adler,Please isolate the DC array immediately by opening the array disconnect switch. Do not operate the system until the junction box is replaced. I am prioritizing a replacement part shipment and will keep you updated on the delivery ETA.
14953712-f453-4271-97e2-7315745701dc,17250260-d0ee-4669-66aa-f4b41baa993,2026-10-04T14:00:00Z,Carlos Rodriguez,"My installer noticed corrosion on some connectors during a checkup. Are my panels in danger? Will it affect my warranty?"
14953712-f453-4271-97e2-7315745701dc,17250261-e1ff-4770-77bb-05c52cbbaa4,2026-10-04T15:00:00Z,Laura Chen,"Corroded MC4 connectors are a fire and arc fault risk and must be replaced promptly. Your system warranty covers manufacturing defects but installer workmanship is covered by the installation guarantee. I have opened a priority work order for connector replacement."
14953719-9045-4ddd-9e95-6efe3ebb81c6,17250262-f200-4881-88cc-16d63dccbb5,2026-10-06T06:00:00Z,Daniel Watts,"Our safety officer tested the rapid shutdown system during a fire safety drill and it did not activate. This is a serious safety concern. We need this fixed urgently."
14953719-9045-4ddd-9e95-6efe3ebb81c6,17250263-0311-4992-99dd-270747ddcc6,2026-10-06T07:00:00Z,Marcus Adler,"This is a critical safety issue. I have escalated to our safety engineering team immediately. As a precaution, please do not allow anyone on or near the roof until this is resolved. I will have an engineering response within 2 hours."
14953723-c8be-42a5-a62a-29b0ba0678a4,17250264-1422-4a03-03ee-38858eeedd7,2026-10-03T08:00:00Z,Luca Ferretti,My AC isolator keeps tripping every few days. There is no obvious fault code but the system goes offline until I reset it manually.
14953723-c8be-42a5-a62a-29b0ba0678a4,17250265-2533-4b14-14ff-49966fffeee8,2026-10-03T10:00:00Z,Laura Chen,"Random nuisance tripping without fault codes often points to the arc fault detection circuit being overly sensitive. I have remotely adjusted the arc detection threshold from level 3 to level 2 and enabled extended trip logging. Please let me know if it trips again."
14953726-4652-4d89-9bf8-de978d37a3ba,17250266-3644-4c25-25aa-5aa77000ff9,2026-10-07T20:00:00Z,Priya Sharma,The app is showing a ground fault warning on string 1 and the inverter has shut down that string. What does this mean and is it safe?
14953726-4652-4d89-9bf8-de978d37a3ba,17250267-4755-4d36-36bb-6bb88111009,2026-10-08T07:00:00Z,Marcus Adler,"A ground fault means current is leaking to earth somewhere on the DC string. The inverter correctly isolated the string as a safety measure. Do not attempt to reset it manually. I have dispatched a qualified electrician with a ground fault locator. Please keep children away from the roof area."
14953731-07a7-4791-93bd-370512b1c222,17250268-5866-4e47-47cc-7cc9922211a,2026-10-06T15:00:00Z,Thomas Bergmann,I found chewed cables on my roof today. It looks like an animal got to the solar wiring. The system is showing arc fault errors.
14953731-07a7-4791-93bd-370512b1c222,17250269-6977-4f58-58dd-8ddaa33322b,2026-10-06T16:00:00Z,Laura Chen,"Pest damage to DC cables is a serious arc fault risk. Your inverter's arc protection has correctly shut down the affected string. Do not re-enable it. I am scheduling an emergency cable replacement and will also recommend installing protective cable conduit to prevent recurrence."
14953735-5664-488e-b794-72f2f54ba495,17250270-7a88-4069-69ee-9eebb44433c,2026-09-28T14:00:00Z,Stormy Weathers,My system exported to the grid all day even though we have a zero-export agreement with the utility. I got a warning letter from them today.
14953735-5664-488e-b794-72f2f54ba495,17250271-8b99-4170-70ff-afbcc55544d,2026-09-28T15:30:00Z,Marcus Adler,"I can see from the logs that the zero-export relay failed to activate yesterday. A worn relay contact is the likely cause. I have flagged this as urgent and will have a replacement relay shipped for next-day installation. In the meantime I have set a conservative export limit via software curtailment as a temporary measure."
14953738-27c8-485e-9739-4570f2a47a8d,17250272-9caa-4281-81aa-b0ddd66655e,2026-10-07T07:00:00Z,Luca Ferretti,The solar tracker on my ground mount installation stopped moving this morning. All the panels are pointed east and just staying there all day. I am losing a lot of production.
14953738-27c8-485e-9739-4570f2a47a8d,17250273-adbb-4392-92bb-c1eee77766f,2026-10-07T09:00:00Z,Laura Chen,"The tracker controller is not responding to position commands. This looks like a controller board failure rather than a communication issue. I have ordered a replacement controller and it will be shipped express. Your system will produce at a reduced but safe fixed-tilt output until the repair is complete."
