ID,firstName,lastName,email,phone,creditCardNo,createdAt,createdBy,modifiedAt,modifiedBy
Customers-96100,Daniel,Watts,daniel.watts@demo.com,+44-555-123,4111111111111111,2024-01-15T08:00:00Z,admin,2024-01-15T08:00:00Z,admin
Customers-96101,Stormy,Weathers,stormy.weathers@demo.com,+49-89-555-0101,4222222222222222,2024-01-20T09:00:00Z,admin,2024-01-20T09:00:00Z,admin
Customers-96102,Sunny,Sunshine,sunny.sunshine@demo.com,+1-555-789-0001,4333333333333333,2024-02-01T10:00:00Z,admin,2024-02-01T10:00:00Z,admin
Customers-96103,Maria,Kowalski,maria.kowalski@demo.com,+48-22-555-0201,4444444444444444,2024-02-10T11:00:00Z,admin,2024-02-10T11:00:00Z,admin
Customers-96104,Luca,Ferretti,luca.ferretti@demo.com,+39-06-555-0301,4555555555555555,2024-02-15T12:00:00Z,admin,2024-02-15T12:00:00Z,admin
Customers-96105,Sophie,Dupont,sophie.dupont@demo.com,+33-1-5555-0401,4666666666666666,2024-03-01T08:30:00Z,admin,2024-03-01T08:30:00Z,admin
Customers-96106,Hans,Mueller,hans.mueller@demo.com,+49-30-555-0501,4777777777777777,2024-03-05T09:30:00Z,admin,2024-03-05T09:30:00Z,admin
Customers-96107,Priya,Sharma,priya.sharma@demo.com,+91-98-555-0601,4888888888888888,2024-03-10T10:30:00Z,admin,2024-03-10T10:30:00Z,admin
Customers-96108,Carlos,Rodriguez,carlos.rodriguez@demo.com,+34-91-555-0701,4999999999999999,2024-03-15T11:30:00Z,admin,2024-03-15T11:30:00Z,admin
Customers-96109,Emma,Johnson,emma.johnson@demo.com,+1-555-890-0801,4100100100100103,2024-03-20T12:30:00Z,admin,2024-03-20T12:30:00Z,admin
Customers-96110,Kenji,Tanaka,kenji.tanaka@demo.com,+81-3-555-0901,4200200200200202,2024-04-01T08:00:00Z,admin,2024-04-01T08:00:00Z,admin
Customers-96111,Fatima,Al-Hassan,fatima.alhassan@demo.com,+971-4-555-1001,4300300300300301,2024-04-05T09:00:00Z,admin,2024-04-05T09:00:00Z,admin
Customers-96112,Thomas,Bergmann,thomas.bergmann@demo.com,+49-711-555-1101,4400400400400400,2024-04-10T10:00:00Z,admin,2024-04-10T10:00:00Z,admin
Customers-96113,Amara,Osei,amara.osei@demo.com,+233-30-555-1201,4500500500500500,2024-04-15T11:00:00Z,admin,2024-04-15T11:00:00Z,admin
Customers-96114,Isabella,Costa,isabella.costa@demo.com,+55-11-555-1301,4600600600600603,2024-04-20T12:00:00Z,admin,2024-04-20T12:00:00Z,admin
